Location,CowTagID,lat,lon,MaxMin,adj_CT_depth_cm,Season,Salinity,TA,pH,Phosphate_umolL,Silicate_umolL,NN_umolL,Ammonia_umolL,M_C,HIX,VisibleHumidic_Like,Tryptophan_Like,Tyrosine_Like,del15N,C_N,N_percent
Varari,V1,-17.53975298,-149.900506,Maximum,76.6,Dry,36.52,2377.029989,8.065993322640152,0.23,5.11,0.84,0.52,2.754412529,2.128530089,0.014525517,0.09829493,0.208416064,4.6,34.53571429,0.946727778
Varari,V1,-17.53975298,-149.900506,Maximum,76.6,Wet,36.67,2360.875128,8.033556118392447,0.187228219,4.940658029,0.758656776,0.828499422,Inf,Inf,Inf,Inf,Inf,3.6,32.45726496,0.962962963
Varari,V1,-17.53975298,-149.900506,Minimum,76.6,Dry,36.22,2309.516077,8.014044470618156,0.2,0.91,0.5,0.32,1.185099417,0.637080298,0.009013159,0.019077179,0.016755293,4.6,34.53571429,0.946727778
Varari,V1,-17.53975298,-149.900506,Minimum,76.6,Wet,36.34,2333.14574,7.904822909610202,0.143281048,1.232851655,0.154868566,0.230482094,-Inf,-Inf,-Inf,-Inf,-Inf,3.6,32.45726496,0.962962963
Varari,V2,-17.53989003,-149.900519,Maximum,69.19999999999999,Dry,36.4,2365.03174,8.05555174101946,0.26,5.76,1.05,2.4,2.175318354,1.337764548,0.022531222,0.080698238,0.186930911,4.4,32.19318182,1.048576081
Varari,V2,-17.53989003,-149.900519,Maximum,69.19999999999999,Wet,36.64,2360.453386,8.039916817974959,0.174559182,3.700915433,0.620575938,0.583375924,Inf,Inf,Inf,Inf,Inf,3.8,31.10380623,1.005882148
Varari,V2,-17.53989003,-149.900519,Minimum,69.19999999999999,Dry,36.09,2328.302637,8.014612800858368,0.2,0.92,0.57,0.26,1.228273596,0.815434825,0.008753099,0.015103301,0.016072899,4.4,32.19318182,1.048576081
Varari,V2,-17.53989003,-149.900519,Minimum,69.19999999999999,Wet,36.42,2335.686567,7.9252367683307154,0.147550467,1.036264889,0.232831964,0.163935715,-Inf,-Inf,-Inf,-Inf,-Inf,3.8,31.10380623,1.005882148
Varari,V3,-17.54012598,-149.90056,Maximum,52,Dry,36.52,2380.835159,8.069751700432176,0.24,3.38,0.82,0.46,2.637901428,1.221763919,0.013014693,0.069997599,0.162614428,4,32.45090909,1.080889867
Varari,V3,-17.54012598,-149.90056,Maximum,52,Wet,36.63,2361.344489,8.046582442335957,0.165463464,3.033281857,0.458430097,0.66846408,Inf,Inf,Inf,Inf,Inf,3.7,36.75272727,0.924214418
Varari,V3,-17.54012598,-149.90056,Minimum,52,Dry,36.28,2345.266347,7.97003221213515,0.19,1.2,0.37,0.28,1.389091122,0.867233513,0.007175831,0.0214734,0.048753233,4,32.45090909,1.080889867
Varari,V3,-17.54012598,-149.90056,Minimum,52,Wet,36.43,2338.368209,7.917425625901645,0.112838235,0.940740334,0.17487767,0.223401416,-Inf,-Inf,-Inf,-Inf,-Inf,3.7,36.75272727,0.924214418
Varari,V4,-17.54024902,-149.900454,Maximum,58.7,Dry,36.53,2362.8142,8.070973742992923,0.24,3.01,1.06,1.07,2.008484641,1.349167743,0.01489088,0.070038984,0.162528997,3.9,29.54045307,1.16017121
Varari,V4,-17.54024902,-149.900454,Maximum,58.7,Wet,36.65,2362.423851,8.05021091697143,0.163003907,1.174706274,0.252300281,0.408759185,Inf,Inf,Inf,Inf,Inf,3.3,28.78853047,1.189258312
Varari,V4,-17.54024902,-149.900454,Minimum,58.7,Dry,36.4,2320.14392,8.034426484034048,0.21,0.84,0.4,0.3,1.224375862,0.754337072,0.006625581,0.011803696,0.016268222,3.9,29.54045307,1.16017121
Varari,V4,-17.54024902,-149.900454,Minimum,58.7,Wet,36.54,2338.301671,7.948435472894355,0.128152455,0.853522262,0.184071041,0.132552707,-Inf,-Inf,-Inf,-Inf,-Inf,3.3,28.78853047,1.189258312
Varari,V5,-17.54025003,-149.900336,Maximum,70.9,Dry,36.5,2366.352432,8.061337258650727,0.25,5.43,1.05,0.46,2.371370349,1.440397641,0.011891254,0.120762872,0.265873203,4.1,34.53696498,0.974888097
Varari,V5,-17.54025003,-149.900336,Maximum,70.9,Wet,36.61,2352.301094,8.047674164660059,0.162771874,2.390567731,0.3723549,0.470025058,Inf,Inf,Inf,Inf,Inf,3.3,21.84920635,1.35863705
Varari,V5,-17.54025003,-149.900336,Minimum,70.9,Dry,36.23,2321.38849,8.030467444184145,0.19,0.86,0.47,0.04,1.258483424,0.44089073,0.006802997,0.021805307,0.028092611,4.1,34.53696498,0.974888097
Varari,V5,-17.54025003,-149.900336,Minimum,70.9,Wet,36.5,2321.775911,7.94626126726384,0.116086706,0.891247539,0.135219987,0.147074099,-Inf,-Inf,-Inf,-Inf,-Inf,3.3,21.84920635,1.35863705
Varari,V6,-17.54002498,-149.900106,Maximum,67.69999999999999,Dry,36.51,2365.266839,8.059622827798533,0.25,5,0.92,0.43,2.12866465,1.195996653,0.013097303,0.091840431,0.221335883,4.9,31.34586466,1.074096507
Varari,V6,-17.54002498,-149.900106,Maximum,67.69999999999999,Wet,36.58,2405.71887,8.030438955976145,0.18040643,4.688002503,0.534681004,0.298948658,Inf,Inf,Inf,Inf,Inf,3.9,32.73529412,0.964812713
Varari,V6,-17.54002498,-149.900106,Minimum,67.69999999999999,Dry,36.31,2322.780484,8.019453650498878,0.18,1.05,0.45,0.12,1.158443115,0.606004684,0.009762299,0.021956547,0.016679308,4.9,31.34586466,1.074096507
Varari,V6,-17.54002498,-149.900106,Minimum,67.69999999999999,Wet,36.36,2335.810823,7.91622854131028,0.141610406,1.491044837,0.134498939,0.125652045,-Inf,-Inf,-Inf,-Inf,-Inf,3.9,32.73529412,0.964812713
Varari,V7,-17.54004803,-149.899985,Maximum,45.9,Dry,36.48,2371.959181,8.077050143338493,0.25,4,0.92,0.7,1.811538995,1.331952877,0.013945463,0.102023191,0.257089965,4.8,31.32931727,0.994806233
Varari,V7,-17.54004803,-149.899985,Maximum,45.9,Wet,36.58,2357.65494,8.024370259620593,0.17558013,5.850910131,0.479520773,0.239062917,Inf,Inf,Inf,Inf,Inf,3.5,38.33854167,0.839491059
Varari,V7,-17.54004803,-149.899985,Minimum,45.9,Dry,36.26,2337.447513,8.014293905156164,0.21,1.01,0.54,0.31,1.367860544,0.625425117,0.009552103,0.021462661,0.044869412,4.8,31.32931727,0.994806233
Varari,V7,-17.54004803,-149.899985,Minimum,45.9,Wet,36.32,2332.53922,7.913070487026856,0.148432195,1.628447911,0.168388231,0.162075537,-Inf,-Inf,-Inf,-Inf,-Inf,3.5,38.33854167,0.839491059
Varari,V8,-17.54014903,-149.899896,Maximum,37.9,Dry,36.56,2363.226902,8.055299748971068,0.26,8.28,1.34,0.54,2.213546012,1.483817535,0.01406595,0.088466478,0.230293006,5.2,26.95665635,1.263891063
Varari,V8,-17.54014903,-149.899896,Maximum,37.9,Wet,36.68,2355.165876,8.031922299916777,0.171403525,3.702299847,0.406694848,0.342932874,Inf,Inf,Inf,Inf,Inf,3.7,36.45748988,0.829137294
Varari,V8,-17.54014903,-149.899896,Minimum,37.9,Dry,36.04,2321.38849,7.966032784507494,0.19,0.77,0.46,0.2,1.196935539,0.638370804,0.008004485,0.017713338,0.021027037,5.2,26.95665635,1.263891063
Varari,V8,-17.54014903,-149.899896,Minimum,37.9,Wet,36.46,2329.224197,7.930211620385833,0.145415758,1.306225589,0.169830328,0.13123258,-Inf,-Inf,-Inf,-Inf,-Inf,3.7,36.45748988,0.829137294
Varari,V9,-17.540245,-149.899765,Maximum,77,Dry,36.47,2372.370084,8.069159867538033,0.24,2.37,0.66,0.45,2.160899504,1.0095658,0.01062399,0.075029142,0.205488379,3.6,38.33766234,0.892029657
Varari,V9,-17.540245,-149.899765,Maximum,77,Wet,36.61,2354.123837,8.035633837371513,0.158827302,1.543652563,0.244549007,0.264385345,Inf,Inf,Inf,Inf,Inf,3.3,30.74193548,1.006289308
Varari,V9,-17.540245,-149.899765,Minimum,77,Dry,36.38,2318.333575,8.034552341814091,0.22,0.97,0.49,0.18,1.271206005,0.580085007,0.009094345,0.017050919,0.021583978,3.6,38.33766234,0.892029657
Varari,V9,-17.540245,-149.899765,Minimum,77,Wet,36.52,2330.358812,7.93202266004098,0.131586553,1.031073338,0.105927381,0.163515675,-Inf,-Inf,-Inf,-Inf,-Inf,3.3,30.74193548,1.006289308
Varari,V10,-17.54030501,-149.899788,Maximum,32.9,Dry,36.46,2363.270608,8.073040793958357,0.22,3.66,0.65,0.43,2.490372694,1.639078577,0.009871913,0.062482747,0.172610166,4,33.6626506,0.977659115
Varari,V10,-17.54030501,-149.899788,Maximum,32.9,Wet,36.61,2355.541037,8.041790621002262,0.15502195,1.241850345,0.185062483,0.334172034,Inf,Inf,Inf,Inf,Inf,3.2,35.55128205,0.963518076
Varari,V10,-17.54030501,-149.899788,Minimum,32.9,Dry,36.28,2303.174091,8.037549314461437,0.21,0.88,0.45,0.26,1.346338697,0.811943713,0.006634432,0.016456198,0.024559381,4,33.6626506,0.977659115
Varari,V10,-17.54030501,-149.899788,Minimum,32.9,Wet,36.56,2329.516085,7.941249572922881,0.132885942,0.987118198,0.073660449,0.129792442,-Inf,-Inf,-Inf,-Inf,-Inf,3.2,35.55128205,0.963518076
Varari,V11,-17.54019303,-149.900068,Maximum,55.599999999999994,Dry,36.53,2369.654389,8.05364284248099,0.23,7.61,1.11,1.02,1.813311761,1.179346188,0.01230631,0.075195109,0.203995812,4.5,28.34951456,1.187867605
Varari,V11,-17.54019303,-149.900068,Maximum,55.599999999999994,Wet,36.63,2385.505837,8.042885776740297,0.173538235,3.202180346,0.540719787,0.294148198,Inf,Inf,Inf,Inf,Inf,4,30.04929577,1.076450745
Varari,V11,-17.54019303,-149.900068,Minimum,55.599999999999994,Dry,36.12,2308.380986,8.030577582844687,0.2,0.66,0.34,0.36,1.249524726,0.614996815,0.007472554,0.017209305,0.023632386,4.5,28.34951456,1.187867605
Varari,V11,-17.54019303,-149.900068,Minimum,55.599999999999994,Wet,36.37,2316.6125,7.941591869193428,0.130612012,0.977081198,0.122511503,0.092888905,-Inf,-Inf,-Inf,-Inf,-Inf,4,30.04929577,1.076450745
Varari,V12,-17.54030996,-149.900112,Maximum,54.7,Dry,36.44,2364.360097,8.058605818414089,0.24,4.18,0.75,0.76,1.856272241,1.227312444,0.011221175,0.0768341,0.207021455,3.8,31.12132353,1.101526748
Varari,V12,-17.54030996,-149.900112,Maximum,54.7,Wet,36.63,2356.102916,8.04805275096319,0.163143128,1.077105098,0.25716736,0.236962716,Inf,Inf,Inf,Inf,Inf,6.1,31.43804035,1.069535199
Varari,V12,-17.54030996,-149.900112,Minimum,54.7,Dry,36.28,2343.323603,8.023392074413712,0.19,0.85,0.44,0.26,1.220547419,0.57176654,0.00602403,0.01533125,0.018109768,3.8,31.12132353,1.101526748
Varari,V12,-17.54030996,-149.900112,Minimum,54.7,Wet,36.5,2319.751901,7.94470926351412,0.131215299,0.909244919,0.111785903,0.125171999,-Inf,-Inf,-Inf,-Inf,-Inf,6.1,31.43804035,1.069535199
Varari,V13,-17.540749,-149.899133,Maximum,72.80000000000001,Dry,36.57,2381.363434,8.070331980923482,0.24,1.89,0.59,0.49,2.000585438,1.61107823,0.011186499,0.069755626,0.196349479,3.6,36.34156379,0.949033392
Varari,V13,-17.540749,-149.899133,Maximum,72.80000000000001,Wet,36.6,2350.382849,8.034910979849021,0.164488923,1.410056627,0.34603662,1.689881996,Inf,Inf,Inf,Inf,Inf,3.4,43.58823529,0.753109559
Varari,V13,-17.540749,-149.899133,Minimum,72.80000000000001,Dry,36.43,2332.892346,8.024186752224807,0.21,1.07,0.53,0.35,1.145337574,0.600674017,0.008648431,0.015352756,0.019141076,3.6,36.34156379,0.949033392
Varari,V13,-17.540749,-149.899133,Minimum,72.80000000000001,Wet,36.38,2320.632545,7.932415829182265,0.134742211,1.170206929,0.125666091,0.132612713,-Inf,-Inf,-Inf,-Inf,-Inf,3.4,43.58823529,0.753109559
Varari,V14,-17.54039696,-149.899396,Maximum,61.8,Dry,36.38,2382.973932,8.093790972368412,0.23,3.66,0.6,0.69,2.630905795,2.207360452,0.013235275,0.080197719,0.218383297,4.5,36.73913043,0.892337536
Varari,V14,-17.54039696,-149.899396,Maximum,61.8,Wet,36.57,2354.98,8.015504621165217,0.163235941,3.467295597,0.279610003,0.272426115,Inf,Inf,Inf,Inf,Inf,4.4,31.716738200000002,1.081005846
Varari,V14,-17.54039696,-149.899396,Minimum,61.8,Dry,36.28,2307.005078,8.023751142472964,0.22,1.45,0.44,0.32,1.247032385,0.634885885,0.008579481,0.017483767,0.020414453,4.5,36.73913043,0.892337536
Varari,V14,-17.54039696,-149.899396,Minimum,61.8,Wet,36.47,2322.19,7.915014660600744,0.143002608,2.041695443,0.174607276,0.223881462,-Inf,-Inf,-Inf,-Inf,-Inf,4.4,31.716738200000002,1.081005846
Varari,V15,-17.54014299,-149.900183,Maximum,43.50000000000001,Dry,36.45,2376.479103,8.062723405526853,0.28,7.61,1.08,0.47,2.079560419,1.544297526,0.010396624,0.068866392,0.202194234,4.6,30.09271523,1.139493642
Varari,V15,-17.54014299,-149.900183,Maximum,43.50000000000001,Wet,36.59,2352.742306,8.036101701175365,0.179246262,4.175077174,0.529273138,1.451119107,Inf,Inf,Inf,Inf,Inf,6.7,31.10504202,1.011904762
Varari,V15,-17.54014299,-149.900183,Minimum,43.50000000000001,Dry,36.15,2313.6248650000002,7.982300802952059,0.18,0.65,0.39,0.26,1.197810136,0.605945325,0.007847656,0.016015341,0.015976805,4.6,30.09271523,1.139493642
Varari,V15,-17.54014299,-149.900183,Minimum,43.50000000000001,Wet,36.38,2325.725545,7.937086860496725,0.148246568,0.984003267,0.1682981,0.180377291,-Inf,-Inf,-Inf,-Inf,-Inf,6.7,31.10504202,1.011904762
Varari,V16,-17.54029797,-149.900492,Maximum,75.7,Dry,36.59,2363.988112,8.088842451372694,0.21,1.37,0.47,0.86,2.771005698,1.724238393,0.012570984,0.073149533,0.202283118,3.7,38.21461187,0.876701361
Varari,V16,-17.54029797,-149.900492,Maximum,75.7,Wet,36.64,2350.500981,8.052399017576992,0.164999397,1.469932526,0.156671188,0.387457142,Inf,Inf,Inf,Inf,Inf,3.4,32.43478261,1.001960357
Varari,V16,-17.54029797,-149.900492,Minimum,75.7,Dry,36.4,2321.911981,8.032938945702384,0.19,0.66,0.32,0.3,1.323041074,0.808535059,0.0057681,0.01450784,0.018363288,3.7,38.21461187,0.876701361
Varari,V16,-17.54029797,-149.900492,Minimum,75.7,Wet,36.55,2329.885978,7.951601105913203,0.127456354,0.828602813,0.087811031,0.178217084,-Inf,-Inf,-Inf,-Inf,-Inf,3.4,32.43478261,1.001960357
Varari,V17,-17.54031901,-149.899572,Maximum,69.2,Dry,37.05,2361.397676,8.075424710541673,0.29,7.39,0.99,0.33,2.472934781,1.715735979,0.012777723,0.079111752,0.240831641,4.3,30.83150183,1.079862347
Varari,V17,-17.54031901,-149.899572,Minimum,69.2,Dry,36.02,2314.889032,8.01670253451603,0.21,1.25,0.41,0.24,1.188061897,0.660344616,0.00948239,0.017551844,0.025572462,4.3,30.83150183,1.079862347
Varari,V18,-17.54019697,-149.899906,Maximum,31.500000000000007,Dry,36.57,2382.01882,8.06491147928196,0.31,7.67,1.09,0.48,2.231542494,1.466412087,0.012453514,0.079158781,0.225824577,4.3,28.9893617,1.167943674
Varari,V18,-17.54019697,-149.899906,Maximum,31.500000000000007,Wet,36.6,2389.34,8.045124811185318,0.201475084,7.738904509,0.669156598,4.25986836,Inf,Inf,Inf,Inf,Inf,4.1,35.49815498,0.866922585
Varari,V18,-17.54019697,-149.899906,Minimum,31.500000000000007,Dry,36.13,2320.524277,8.026428758568187,0.21,0.88,0.31,0.2,1.135419816,0.481185134,0.007231295,0.015240176,0.021049432,4.3,28.9893617,1.167943674
Varari,V18,-17.54019697,-149.899906,Minimum,31.500000000000007,Wet,36,2329.31,7.934220317717556,0.141192746,0.858814892,0.110343805,0.164055727,-Inf,-Inf,-Inf,-Inf,-Inf,4.1,35.49815498,0.866922585
Varari,V19,-17.54050802,-149.89978,Maximum,82.9,Dry,36.63,2369.352141,8.09779178367134,0.22,1.29,0.47,0.44,2.022733439,1.174045422,0.010930178,0.073283634,0.22299129,3.5,34.24723247,1.03684432
Varari,V19,-17.54050802,-149.89978,Maximum,82.9,Wet,36.62,2343.707945,8.047307202028277,0.187056048,1.185435481,0.37666396,0.950458716,Inf,Inf,Inf,Inf,Inf,3.1,40.37313433,0.85126207
Varari,V19,-17.54050802,-149.89978,Minimum,82.9,Dry,36.27,2317.13505,8.04369093087045,0.19,0.7,0.23,0.14,1.345040311,0.597586142,0.005693159,0.014386242,0.01558453,3.5,34.24723247,1.03684432
Varari,V19,-17.54050802,-149.89978,Minimum,82.9,Wet,36.52,2320.615292,7.950193417749299,0.11887111,0.739466183,0.067080879,0.155294887,-Inf,-Inf,-Inf,-Inf,-Inf,3.1,40.37313433,0.85126207
Varari,V20,-17.54045103,-149.899509,Maximum,65,Dry,36.53,2363.766285,8.076786968432812,0.27,1.88,0.61,0.43,2.264358254,1.327944744,0.012703487,0.072470915,0.216782414,3.8,33.57370518,0.988305705
Varari,V20,-17.54045103,-149.899509,Maximum,65,Wet,36.66,2347.161306,8.033626688453257,0.166438005,1.495544182,0.28925403,0.465584632,Inf,Inf,Inf,Inf,Inf,3.6,35.88659794,0.825848197
Varari,V20,-17.54045103,-149.899509,Minimum,65,Dry,36.29,2316.749816,8.021213679401516,0.19,0.75,0.32,0.22,1.264505195,0.583608704,0.008611427,0.016409964,0.01870176,3.8,33.57370518,0.988305705
Varari,V20,-17.54045103,-149.899509,Minimum,65,Wet,36.52,2310.803421,7.930857651646049,0.147596874,1.164669273,0.119176652,0.15511487,-Inf,-Inf,-Inf,-Inf,-Inf,3.6,35.88659794,0.825848197
Varari,VSEEP,-17.540302,-149.899331,Maximum,NA,Dry,36.17,2833.929859,8.037784458218706,1.07,164.27,12.7,1.1,1.995887904,2.302147814,0.033170584,0.092004154,0.218519677,8,25.96463023,1.249297019
Varari,VSEEP,-17.540302,-149.899331,Maximum,NA,Wet,36.54,3370.869465,8.019435671518288,2.3580421,447.2495465,18.53571555,4.325574659,Inf,Inf,Inf,Inf,Inf,7.7,24.56586826,1.254271659
Varari,VSEEP,-17.540302,-149.899331,Minimum,NA,Dry,29.44,2355.901122,7.743361952307488,0.2,3.03,0.35,0.24,1.112584302,0.590968416,0.012190915,0.018434385,0.019369924,8,25.96463023,1.249297019
Varari,VSEEP,-17.540302,-149.899331,Minimum,NA,Wet,15.12,2294.644581,7.025903882158052,0.16495299,3.096964894,0.353787894,0.208039943,-Inf,-Inf,-Inf,-Inf,-Inf,7.7,24.56586826,1.254271659
Cabral,C1,-17.517048,-149.912693,Maximum,78.9,Dry,36.17,2362.354403,8.03537226221219,0.23,6.09,0.55,0.39,1.47011862,1.431553252,0.022463317,0.099785977,0.20024139,3.5,48.46153846,0.638899128
Cabral,C1,-17.517048,-149.912693,Maximum,78.9,Wet,36.58,2301.204674,8.051251381137199,0.160709004,6.538680142,2.51686028,0.679145104,Inf,Inf,Inf,Inf,Inf,3,31.95305164,0.900824699
Cabral,C1,-17.517048,-149.912693,Minimum,78.9,Dry,35.9,2312.326304,7.837550779733506,0.13,3.51,0.08,0.02,1.026086997,0.792528039,0.014987831,0.023627086,0.028249944,3.5,48.46153846,0.638899128
Cabral,C1,-17.517048,-149.912693,Minimum,78.9,Wet,36.29,2091.85952,7.835625812539552,0.147012182,2.847369785,0.429010275,0.27935739,-Inf,-Inf,-Inf,-Inf,-Inf,3,31.95305164,0.900824699
Cabral,C2,-17.51706904,-149.912949,Maximum,87.19999999999999,Dry,36.18,2370.08551,8.081071135628202,0.23,15.83,0.5,0.54,1.698394628,1.130932691,0.023147803,0.097654205,0.193732522,3.5,42.07428571,0.677113562
Cabral,C2,-17.51706904,-149.912949,Maximum,87.19999999999999,Wet,36.65,2334.88532,8.032124983299012,0.193353907,4.689660534,0.764803503,0.62579999,Inf,Inf,Inf,Inf,Inf,2.6,43.86931818,0.676584785
Cabral,C2,-17.51706904,-149.912949,Minimum,87.19999999999999,Dry,36.01,2259.851026,7.854173178258353,0.22,4.42,0.39,0.03,1.196536267,0.896557277,0.01453093,0.03174076,0.035519587,3.5,42.07428571,0.677113562
Cabral,C2,-17.51706904,-149.912949,Minimum,87.19999999999999,Wet,36.38,2236.824067,7.791398545812441,0.164667886,1.2335060900000001,0.596024152,0.407507333,-Inf,-Inf,-Inf,-Inf,-Inf,2.6,43.86931818,0.676584785
Cabral,C3,-17.51697499,-149.913111,Maximum,99.6,Dry,36.24,2335.44423,8.06227151167327,0.28,5.39,0.72,0.37,2.202718779,1.257666738,0.021487094,0.113945442,0.224118302,3.2,39.455,0.769497134
Cabral,C3,-17.51697499,-149.913111,Maximum,99.6,Wet,36.69,2337.104139,8.059446905939664,0.221940451,2.031658442,1.19186229,0.793396057,Inf,Inf,Inf,Inf,Inf,2.9,42.04615385,0.767444606
Cabral,C3,-17.51697499,-149.913111,Minimum,99.6,Dry,36.12,2305.413099,7.879180926752472,0.19,2.03,0.38,0.02,0.930198792,0.719969554,0.009182464,0.020940073,0.022198775,3.2,39.455,0.769497134
Cabral,C3,-17.51697499,-149.913111,Minimum,99.6,Wet,36.48,2291.796437,7.868473391074651,0.198295633,1.186404077,0.908071749,0.329858663,-Inf,-Inf,-Inf,-Inf,-Inf,2.9,42.04615385,0.767444606
Cabral,C4,-17.51679302,-149.912772,Maximum,90.6,Dry,36.21,2332.179498,8.03318171357041,0.22,8.33,0.52,0.47,1.520841131,1.004516388,0.024066906,0.092874609,0.187441992,3.5,43.25925926,0.629688654
Cabral,C4,-17.51679302,-149.912772,Maximum,90.6,Wet,36.53,2296.664069,8.043227660039504,0.23306099,4.971918459,0.497598955,0.912638604,Inf,Inf,Inf,Inf,Inf,Inf,Inf,Inf
Cabral,C4,-17.51679302,-149.912772,Minimum,90.6,Dry,36.02,2290.254944,7.883962404997117,0.2,4.53,0.25,0.03,1.234668861,0.952465267,0.011799455,0.057744048,0.051806659,3.5,43.25925926,0.629688654
Cabral,C4,-17.51679302,-149.912772,Minimum,90.6,Wet,36.39,2245.994858,7.8275099675167,0.136910206,3.071547033,0.345150242,0.2248255,-Inf,-Inf,-Inf,-Inf,-Inf,-Inf,-Inf,-Inf
Cabral,C5,-17.51659596,-149.912877,Maximum,89,Dry,36.34,2338.53947,8.061787385463742,0.23,8.28,0.4,0.42,1.43857261,1.634855214,0.022544278,0.086367685,0.194657407,3.5,48.7125,0.590951062
Cabral,C5,-17.51659596,-149.912877,Maximum,89,Wet,36.55,2282.61,8.03572456425044,0.180230389,6.271296536,0.639454822,1.135152426,Inf,Inf,Inf,Inf,Inf,2.9,57.24666667,0.545633116
Cabral,C5,-17.51659596,-149.912877,Minimum,89,Dry,35.81,2295.946839,7.937664748225899,0.11,2.86,0.03,0.02,0.948037008,0.790751202,0.0100241,0.03674966,0.021414578,3.5,48.7125,0.590951062
Cabral,C5,-17.51659596,-149.912877,Minimum,89,Wet,36.34,2241.79,7.853631332956638,0.153064266,1.968014166,0.422036651,0.382197423,-Inf,-Inf,-Inf,-Inf,-Inf,2.9,57.24666667,0.545633116
Cabral,C6,-17.51653796,-149.913134,Maximum,130.9,Dry,36.43,2354.2844919999998,8.047546339638306,0.21,1.91,0.5,0.26,2.273282492,0.893511662,0.011015307,0.082779856,0.195653492,3.4,47.6013986,0.576961872
Cabral,C6,-17.51653796,-149.913134,Maximum,130.9,Wet,36.67,2350.612081,8.03855605764478,0.223596076,1.774293859,0.730729847,0.599376603,Inf,Inf,Inf,Inf,Inf,3.1,44.74371859,0.687724634
Cabral,C6,-17.51653796,-149.913134,Minimum,130.9,Dry,36.17,2314.273847,8.011377524002153,0.07,1.3,0.03,0.02,0.98837268,0.697907804,0.007150671,0.022613975,0.01691481,3.4,47.6013986,0.576961872
Cabral,C6,-17.51653796,-149.913134,Minimum,130.9,Wet,36.59,2313.223896,7.96181167259721,0.192653088,0.922207826,0.50174782,0.27372638,-Inf,-Inf,-Inf,-Inf,-Inf,3.1,44.74371859,0.687724634
Cabral,C7,-17.51630402,-149.913229,Maximum,90.1,Dry,36.27,2355.022306,8.061058347292269,0.22,2.38,0.61,0.29,1.654983006,1.126514303,0.00596804,0.053476108,0.118541609,3.6,39.2974359,0.715543813
Cabral,C7,-17.51630402,-149.913229,Maximum,90.1,Wet,36.61,2347.728299,8.032119864750483,0.217452983,4.329135355,0.700540235,0.641460997,Inf,Inf,Inf,Inf,Inf,3,52.27067669,0.577332118
Cabral,C7,-17.51630402,-149.913229,Minimum,90.1,Dry,36.26,2326.879723,8.000087223552105,0.18,1.53,0.42,0.21,1.103503566,0.511789039,0.005874492,0.034037924,0.064843324,3.6,39.2974359,0.715543813
Cabral,C7,-17.51630402,-149.913229,Minimum,90.1,Wet,36.46,2268.316401,7.934577259281462,0.173632252,0.881834672,0.592758024,0.358606453,-Inf,-Inf,-Inf,-Inf,-Inf,3,52.27067669,0.577332118
Cabral,C8,-17.51632397,-149.91291,Maximum,99.70000000000002,Dry,36.2,2340.849593,8.066410568654517,0.23,6.2,0.44,0.35,1.939118781,1.844056959,0.017038046,0.082920269,0.193670341,3.4,47.83333333,0.582106551
Cabral,C8,-17.51632397,-149.91291,Maximum,99.70000000000002,Wet,36.54,2331.540826,8.043077689769943,0.211400898,5.348380409,0.632657745,1.471531206,Inf,Inf,Inf,Inf,Inf,3.1,49.05607477,0.662661795
Cabral,C8,-17.51632397,-149.91291,Minimum,99.70000000000002,Dry,35.98,2312.706907,7.946531425414822,0.17,2.75,0.31,0.02,0.842587928,0.829927049,0.009872291,0.022227061,0.015761131,3.4,47.83333333,0.582106551
Cabral,C8,-17.51632397,-149.91291,Minimum,99.70000000000002,Wet,36.44,2255.864353,7.863973715598903,0.159707907,2.299499007,0.394671798,0.270940512,-Inf,-Inf,-Inf,-Inf,-Inf,3.1,49.05607477,0.662661795
Cabral,C9,-17.51639103,-149.913111,Maximum,72.1,Dry,36.27,2346.880489,8.067012629709941,0.25,5.46,0.7,0.4,1.618308906,1.353918776,0.011700698,0.073781995,0.179940351,3.2,44.52352941,0.649673253
Cabral,C9,-17.51639103,-149.913111,Maximum,72.1,Wet,36.6,2384.8,8.043127476375147,0.193927211,6.209320204,0.744765368,0.577978764,Inf,Inf,Inf,Inf,Inf,2.9,50.12269939,0.616700087
Cabral,C9,-17.51639103,-149.913111,Minimum,72.1,Dry,36.23,2306.082345,7.994240091854368,0.18,1.75,0.32,0.02,0.826171439,0.602669849,0.006542585,0.018595052,0.007928592,3.2,44.52352941,0.649673253
Cabral,C9,-17.51639103,-149.913111,Minimum,72.1,Wet,36.38,2240.88,7.853260484279564,0.162210649,1.006141487,0.434659793,0.1424942,-Inf,-Inf,-Inf,-Inf,-Inf,2.9,50.12269939,0.616700087
Cabral,C10,-17.51588602,-149.912912,Maximum,104.7,Dry,36.24,2351.076783,8.064817779138096,0.24,6.79,0.49,0.32,1.60475994,1.680526471,0.017698585,0.067687765,0.165110793,3.1,49.44137931,0.56603037
Cabral,C10,-17.51588602,-149.912912,Maximum,104.7,Wet,36.5,2270.369396,8.027356418711255,0.179911858,6.167884599,0.479502842,0.894382275,Inf,Inf,Inf,Inf,Inf,3.1,50.01204819,0.648234927
Cabral,C10,-17.51588602,-149.912912,Minimum,104.7,Dry,36.04,2290.405857,7.907886589547267,0.17,3.33,0.31,0.18,0.831691182,0.96137128,0.012586706,0.028542444,0.013142381,3.1,49.44137931,0.56603037
Cabral,C10,-17.51588602,-149.912912,Minimum,104.7,Wet,36.37,2232.152984,7.853484084105979,0.139594965,3.184521033,0.343384767,0.248594291,-Inf,-Inf,-Inf,-Inf,-Inf,3.1,50.01204819,0.648234927
Cabral,C11,-17.51598098,-149.913194,Maximum,101.9,Dry,36.28,2333.809095,8.052661638594968,0.24,3.62,0.7,0.36,1.697842188,1.247953063,0.013381678,0.065320634,0.17127351,3.1,37.4009901,0.771994191
Cabral,C11,-17.51598098,-149.913194,Maximum,101.9,Wet,36.59,2310.62,8.021367791924098,0.249897615,4.713742766,1.156297447,0.965451554,Inf,Inf,Inf,Inf,Inf,2.7,36.9516129,0.799509978
Cabral,C11,-17.51598098,-149.913194,Minimum,101.9,Dry,36.17,2321.585477,7.971518517787911,0.17,1.93,0.38,0.02,0.993002704,0.645069536,0.007081678,0.018233763,0.016068014,3.1,37.4009901,0.771994191
Cabral,C11,-17.51598098,-149.913194,Minimum,101.9,Wet,36.39,2235.56,7.8226195716571505,0.193335654,2.201399326,0.760566364,0.14670264,-Inf,-Inf,-Inf,-Inf,-Inf,2.7,36.9516129,0.799509978
Cabral,C12,-17.51595701,-149.913303,Maximum,82.19999999999999,Dry,36.33,2358.511584,8.058770289873383,0.25,4.61,1.02,0.28,1.588173171,1.218172597,0.012566651,0.06971785,0.171506461,3.3,34.125,0.856700908
Cabral,C12,-17.51595701,-149.913303,Maximum,82.19999999999999,Wet,36.65,2325.766793,8.03139514193787,0.277882817,2.762373672,1.973447265,0.92289297,Inf,Inf,Inf,Inf,Inf,2.7,40.88202247,0.753407263
Cabral,C12,-17.51595701,-149.913303,Minimum,82.19999999999999,Dry,36.19,2352.554931,7.988082284068059,0.15,1.86,0.24,0.02,0.891093946,0.676223287,0.007653922,0.016072964,0.011095542,3.3,34.125,0.856700908
Cabral,C12,-17.51595701,-149.913303,Minimum,82.19999999999999,Wet,36.52,2252.0028820000002,7.886573555548894,0.199205721,1.332314071,0.811941669,0.151207448,-Inf,-Inf,-Inf,-Inf,-Inf,2.7,40.88202247,0.753407263
Cabral,C13,-17.51557102,-149.913136,Maximum,69.80000000000001,Dry,36.25,2332.698308,8.0690313229905275,0.29,6.18,0.75,0.48,1.734690307,1.903463037,0.024292169,0.078313729,0.172078376,3.2,37.72631579,0.751968971
Cabral,C13,-17.51557102,-149.913136,Maximum,69.80000000000001,Wet,36.53,2297.44669,7.983351103585628,0.223050023,5.346609657,1.164595177,1.098402673,Inf,Inf,Inf,Inf,Inf,2.6,42.2327044,0.715635971
Cabral,C13,-17.51557102,-149.913136,Minimum,69.80000000000001,Dry,35.3,2245.939872,7.860054870558657,0.2,4.41,0.44,0.02,1.033276404,0.961659491,0.014660493,0.022115558,0.013730342,3.2,37.72631579,0.751968971
Cabral,C13,-17.51557102,-149.913136,Minimum,69.80000000000001,Wet,36.39,2194.754721,7.712902032158767,0.146329616,2.834266218,0.642632675,0.225181143,-Inf,-Inf,-Inf,-Inf,-Inf,2.6,42.2327044,0.715635971
Cabral,C14,-17.51652597,-149.913031,Maximum,130.2,Dry,36.28,2306.582317,8.059177114289513,0.23,2.51,0.58,0.34,2.064977023,0.982462822,0.012590686,0.060535303,0.145435648,3.4,47.74074074,0.614171437
Cabral,C14,-17.51652597,-149.913031,Maximum,130.2,Wet,36.59,2307.34,8.027135094407747,0.206167893,5.100120929,0.72154938,1.017612492,Inf,Inf,Inf,Inf,Inf,3.2,51.53797468,0.589112603
Cabral,C14,-17.51652597,-149.913031,Minimum,130.2,Dry,36.11,2289.657979,7.907337464317568,0.2,1.74,0.41,0.27,1.215230333,0.832488568,0.01020402,0.050940605,0.10231324,3.4,47.74074074,0.614171437
Cabral,C14,-17.51652597,-149.913031,Minimum,130.2,Wet,36.36,2202.98,7.854626198272903,0.183916245,1.144260171,0.493803185,0.265309501,-Inf,-Inf,-Inf,-Inf,-Inf,3.2,51.53797468,0.589112603
Cabral,C15,-17.51721597,-149.913056,Maximum,110.9,Dry,36.26,2307.477973,8.07988155948271,0.23,2.39,0.68,0.24,2.08705195,1.081288209,0.010174343,0.046316006,0.119416764,3,34.87804878,0.958205118
Cabral,C15,-17.51721597,-149.913056,Maximum,110.9,Wet,36.68,2319.01011,8.02859920428872,0.242252877,1.736753909,1.236714805,0.774708485,Inf,Inf,Inf,Inf,Inf,3.1,37.87383178,0.83698373
Cabral,C15,-17.51721597,-149.913056,Minimum,110.9,Dry,36.21,2292.997625,7.919872665015688,0.19,2.11,0.55,0.2,1.105388808,0.854682174,0.009446955,0.038662495,0.088854916,3,34.87804878,0.958205118
Cabral,C15,-17.51721597,-149.913056,Minimum,110.9,Wet,36.57,2277.2280260000002,7.861279285211208,0.19474629,1.070596873,0.740881325,0.172605288,-Inf,-Inf,-Inf,-Inf,-Inf,3.1,37.87383178,0.83698373
Cabral,C16,-17.51723299,-149.912976,Maximum,97.4,Dry,36.19,2352.743261,8.082047534490528,0.21,8.53,0.53,1.01,1.889553822,1.814194983,0.025282831,0.079202455,0.182183796,3.3,33.66509434,0.841670637
Cabral,C16,-17.51723299,-149.912976,Maximum,97.4,Wet,36.7,2292.46,8.049575855065134,0.217316469,2.831433014,0.732318774,0.826750876,Inf,Inf,Inf,Inf,Inf,3.3,53.95588235,0.553520554
Cabral,C16,-17.51723299,-149.912976,Minimum,97.4,Dry,35.89,2276.492556,7.868373676855373,0.18,2.25,0.3,0.02,1.045468428,0.928925996,0.011334246,0.019960594,0.019362165,3.3,33.66509434,0.841670637
Cabral,C16,-17.51723299,-149.912976,Minimum,97.4,Wet,36.58,2266.76,7.829249103305159,0.171630058,1.312127494,0.509427633,0.228204106,-Inf,-Inf,-Inf,-Inf,-Inf,3.3,53.95588235,0.553520554
Cabral,C17,-17.51721203,-149.912771,Maximum,112,Dry,36.22,2347.220464,8.077316411328644,0.26,8.92,0.42,0.51,1.681510825,2.00631955,0.026475976,0.07873454,0.199039892,3.4,39.69680851,0.736705984
Cabral,C17,-17.51721203,-149.912771,Maximum,112,Wet,36.61,2298.528705,8.03694093158381,0.208761643,4.435380496,0.530171957,1.263361642,Inf,Inf,Inf,Inf,Inf,3,40.05381166,0.773472998
Cabral,C17,-17.51721203,-149.912771,Minimum,112,Dry,36,2263.189772,7.884461188045256,0.12,4.02,0.09,0.02,0.923904387,1.091852463,0.014792484,0.017415372,0.016955649,3.4,39.69680851,0.736705984
Cabral,C17,-17.51721203,-149.912771,Minimum,112,Wet,36.42,2222.96965,7.8716058601676195,0.138138825,2.110028505,0.381607288,0.242370543,-Inf,-Inf,-Inf,-Inf,-Inf,3,40.05381166,0.773472998
Cabral,C18,-17.51757103,-149.912982,Maximum,103.7,Dry,36.39,2358.186363,8.04024372899155,0.23,4.33,0.68,0.45,1.574038574,1.352085124,0.011773324,0.068906169,0.178965759,3,36.13471503,0.763781709
Cabral,C18,-17.51757103,-149.912982,Maximum,103.7,Wet,36.63,2315.159905,8.060575455150802,0.263230402,2.854452794,1.167508209,1.09709865,Inf,Inf,Inf,Inf,Inf,3.3,37.62542955,0.827339152
Cabral,C18,-17.51757103,-149.912982,Minimum,103.7,Dry,35.99,2304.675049,7.982635911693628,0.17,1.62,0.43,0.02,0.963032828,0.592448194,0.007618061,0.016327368,0.013629059,3,36.13471503,0.763781709
Cabral,C18,-17.51757103,-149.912982,Minimum,103.7,Wet,36.51,2278.578941,7.910831881893721,0.205075788,1.085825343,0.650489036,0.203546208,-Inf,-Inf,-Inf,-Inf,-Inf,3.3,37.62542955,0.827339152
Cabral,C19,-17.51770397,-149.912893,Maximum,79.1,Dry,36.39,2377.895232,8.038678309193845,0.24,3.88,0.69,0.39,1.712136285,1.348642055,0.011859865,0.066585525,0.180374027,3.5,33.94977169,0.843410614
Cabral,C19,-17.51770397,-149.912893,Maximum,79.1,Wet,36.63,2318.214953,8.102933378855264,0.278201348,3.585773516,1.118251474,0.821060592,Inf,Inf,Inf,Inf,Inf,3,38.63414634,0.848650439
Cabral,C19,-17.51770397,-149.912893,Minimum,79.1,Dry,36.13,2306.758841,7.98684098865389,0.2,1.51,0.57,0.1,0.963697208,0.716224662,0.008645813,0.017222339,0.016285487,3.5,33.94977169,0.843410614
Cabral,C19,-17.51770397,-149.912893,Minimum,79.1,Wet,36.46,2280.221057,7.922316313394353,0.187465587,1.020307506,0.605204618,0.256892622,-Inf,-Inf,-Inf,-Inf,-Inf,3,38.63414634,0.848650439
Cabral,C20,-17.51692303,-149.912724,Maximum,60.29999999999999,Dry,36.17,2358.638678,8.037103660325311,0.22,6.38,0.66,0.45,1.594623748,13.00549861,0.023353619,0.077769822,0.19452763,3.7,31.50917431,0.862717163
Cabral,C20,-17.51692303,-149.912724,Maximum,60.29999999999999,Wet,36.55,2281.053085,8.057018703954304,0.172540146,5.129515419,0.424508315,0.880452934,Inf,Inf,Inf,Inf,Inf,3.2,36.16666667,0.875
Cabral,C20,-17.51692303,-149.912724,Minimum,60.29999999999999,Dry,36.03,2290.804761,7.884701362681248,0.19,3.01,0.2,0.09,0.988432127,0.940508137,0.013685673,0,0,3.7,31.50917431,0.862717163
Cabral,C20,-17.51692303,-149.912724,Minimum,60.29999999999999,Wet,36.44,2187.890967,7.866974805020749,0.129219964,2.675960957,0.238956958,0.18920195,-Inf,-Inf,-Inf,-Inf,-Inf,3.2,36.16666667,0.875
Cabral,CSEEP,-17.516384,-149.912515,Maximum,55.9,Dry,36.18,2331.098909,8.082022867708762,4.24,778.05,18.24,1.75,1.85098884,2.799359557,0.039863423,0.159811652,0.189544886,3.5,49.46357616,0.591044309
Cabral,CSEEP,-17.516384,-149.912515,Maximum,55.9,Wet,36.35,2270.621749,8.024545199057425,0.388139962,42.28698281,1.723102998,0.862670795,Inf,Inf,Inf,Inf,Inf,5.3,36.46666667,0.763708569
Cabral,CSEEP,-17.516384,-149.912515,Minimum,55.9,Dry,9.058,2118.700716,7.378474722044782,0.15,7.14,0.09,0.02,0.889248162,0.761453144,0.013103624,0.024223435,0.004018766,3.5,49.46357616,0.591044309
Cabral,CSEEP,-17.516384,-149.912515,Minimum,55.9,Wet,34.19,2235.092031,7.832207086935029,0.122621827,7.135777835,0.169485541,0.07201766,-Inf,-Inf,-Inf,-Inf,-Inf,5.3,36.46666667,0.763708569
